{"cameraMode":{"drawMode":0,"name":"Shaded","section":"Shading Mode"},"sceneLighting":true,"audioPlay":false,"sceneViewState":{"showFog":true,"showMaterialUpdate":true,"showSkybox":true,"showFlares":true,"showImageEffects":true,"showParticleSystems":true},"in2DMode":false,"pivot":{"x":2.3468852043151857,"y":-4.940773963928223,"z":6.015689849853516},"rotation":{"x":0.08353939652442932,"y":0.04183565080165863,"z":-0.0035100269597023727,"w":0.9956268668174744},"size":30.30850601196289,"orthographic":false}